-- LMS demo seed data
-- Run this after script.sql has created the schema.

CONNECT PRJ2531H/PRJ2531H;
SET DEFINE OFF;

PROMPT Clearing existing demo data...

DELETE FROM TBL_ISSUE;
DELETE FROM TBL_BOOK_ALERT_LOG;
DELETE FROM TBL_AUDIT_LOG;
DELETE FROM TBL_ORDER_DETAILS;
DELETE FROM TBL_ORDER_HEADER;
DELETE FROM TBL_BILL;
DELETE FROM TBL_BOOK_STOCK;
DELETE FROM TBL_BOOK_INFORMATION;
DELETE FROM TBL_BOOK_CATALOG;
DELETE FROM TBL_STUDENT;
DELETE FROM TBL_SELLER;
DELETE FROM TBL_ID_COUNTER;
DELETE FROM TBL_CREDENTIALS;

COMMIT;

PROMPT Inserting credentials...

INSERT INTO TBL_CREDENTIALS (USER_ID, NAME, PSWD, EMAIL, PHNO, ROLE, STATUS)
VALUES ('ADMIN', 'ADMINISTRATOR', 'SHA256$835d6dc88b708bc646d6db82c853ef4182fabbd4a8de59c213f2b5ab3ae7d9be', 'admin@lms.in', 9000000001, 'ADMIN', 'ACTIVE');

INSERT INTO TBL_CREDENTIALS (USER_ID, NAME, PSWD, EMAIL, PHNO, ROLE, STATUS)
VALUES ('LIB01', 'LIBRARIAN ONE', 'SHA256$163e3b05d7d2aa6159c0a41c33afcdb49e77c55d94a6699c7e1f09a19dc95ad5', 'lib01@lms.in', 9000000002, 'LIBRARIAN', 'ACTIVE');

INSERT INTO TBL_CREDENTIALS (USER_ID, NAME, PSWD, EMAIL, PHNO, ROLE, STATUS)
VALUES ('LIB02', 'LIBRARIAN TWO', 'SHA256$51ff218665810bbaeec9f16250cc27bfb9833622537e779b7d27dbf50cf78745', 'lib02@lms.in', 9000000003, 'LIBRARIAN', 'ACTIVE');

INSERT INTO TBL_CREDENTIALS (USER_ID, NAME, PSWD, EMAIL, PHNO, ROLE, STATUS)
VALUES ('USR01', 'AARTI JAIN', 'SHA256$795f6204bd10c5c8e7564f3d0fe765c91434453e4331e8ffa76dddd414021d06', 'usr01@lms.in', 9000000004, 'LIBRARIAN', 'ACTIVE');

INSERT INTO TBL_CREDENTIALS (USER_ID, NAME, PSWD, EMAIL, PHNO, ROLE, STATUS)
VALUES ('USR02', 'DEMO USER', 'SHA256$391bd3a3b83de3367f672243c4b70a15821c141f483ce0b72eaf651c6db9a0cf', 'usr02@lms.in', 9000000005, 'LIBRARIAN', 'INACTIVE');

PROMPT Inserting audit log...

INSERT INTO TBL_AUDIT_LOG (USER_ID, MODULE, ACTION_DESCRIPTION, LOG_TS)
VALUES ('ADMIN', 'Admin', 'Loaded demo users and roles', SYSTIMESTAMP - INTERVAL '6' DAY);

INSERT INTO TBL_AUDIT_LOG (USER_ID, MODULE, ACTION_DESCRIPTION, LOG_TS)
VALUES ('LIB01', 'Book', 'Registered initial accession data', SYSTIMESTAMP - INTERVAL '5' DAY);

INSERT INTO TBL_AUDIT_LOG (USER_ID, MODULE, ACTION_DESCRIPTION, LOG_TS)
VALUES ('LIB02', 'Student', 'Created demo student cards', SYSTIMESTAMP - INTERVAL '4' DAY);

INSERT INTO TBL_AUDIT_LOG (USER_ID, MODULE, ACTION_DESCRIPTION, LOG_TS)
VALUES ('LIB01', 'Circulation', 'Issued Java reference copy 000003', SYSTIMESTAMP - INTERVAL '3' DAY);

INSERT INTO TBL_AUDIT_LOG (USER_ID, MODULE, ACTION_DESCRIPTION, LOG_TS)
VALUES ('ADMIN', 'Admin', 'Exported student register for demo', SYSTIMESTAMP - INTERVAL '2' DAY);

INSERT INTO TBL_AUDIT_LOG (USER_ID, MODULE, ACTION_DESCRIPTION, LOG_TS)
VALUES ('LIB02', 'Circulation', 'Generated overdue report', SYSTIMESTAMP - INTERVAL '1' DAY);

PROMPT Inserting sellers...

INSERT INTO TBL_SELLER (S_ID, COMPANY_NAME, COMPANY_CONTACT_NO, COMPANY_MAIL, CONTACT_PERSON, CONTACT_PERSON_NO, CONTACT_PERSON_MAIL, ADDR)
VALUES ('SID0000001', 'Oxford Books', '9876500001', 'sales@oxford.in', 'Rohit Mehta', '9876500101', 'rohit@oxford.in', '12 MG Road, Patna');

INSERT INTO TBL_SELLER (S_ID, COMPANY_NAME, COMPANY_CONTACT_NO, COMPANY_MAIL, CONTACT_PERSON, CONTACT_PERSON_NO, CONTACT_PERSON_MAIL, ADDR)
VALUES ('SID0000002', 'Tech Media', '9876500002', 'info@techmedia.in', 'Neha Suri', '9876500102', 'neha@techmedia.in', '44 Park Street, Kolkata');

INSERT INTO TBL_SELLER (S_ID, COMPANY_NAME, COMPANY_CONTACT_NO, COMPANY_MAIL, CONTACT_PERSON, CONTACT_PERSON_NO, CONTACT_PERSON_MAIL, ADDR)
VALUES ('SID0000003', 'Campus Press', '9876500003', 'hello@campus.in', 'Aman Gill', '9876500103', 'aman@campus.in', '9 Lake Road, Ranchi');

INSERT INTO TBL_SELLER (S_ID, COMPANY_NAME, COMPANY_CONTACT_NO, COMPANY_MAIL, CONTACT_PERSON, CONTACT_PERSON_NO, CONTACT_PERSON_MAIL, ADDR)
VALUES ('SID0000004', 'Eastern Pub', '9876500004', 'desk@eastern.in', 'Simran Pal', '9876500104', 'simran@eastern.in', '18 Fraser Road, Patna');

PROMPT Inserting orders...

INSERT INTO TBL_ORDER_HEADER (ORDER_ID, S_ID, ORDER_DATE)
VALUES ('ORD-260001', 'SID0000001', DATE '2026-01-12');

INSERT INTO TBL_ORDER_HEADER (ORDER_ID, S_ID, ORDER_DATE)
VALUES ('ORD-260002', 'SID0000002', DATE '2026-01-20');

INSERT INTO TBL_ORDER_HEADER (ORDER_ID, S_ID, ORDER_DATE)
VALUES ('ORD-260003', 'SID0000004', DATE '2026-02-02');

INSERT INTO TBL_ORDER_DETAILS (ORDER_ID, BOOK_TITLE, AUTHOR, PUBLICATION, QUANTITY)
VALUES ('ORD-260001', 'Java: The Complete Reference', 'Herbert Schildt', 'McGraw Hill', 3);

INSERT INTO TBL_ORDER_DETAILS (ORDER_ID, BOOK_TITLE, AUTHOR, PUBLICATION, QUANTITY)
VALUES ('ORD-260001', 'Effective Java', 'Joshua Bloch', 'Addison Wesley', 1);

INSERT INTO TBL_ORDER_DETAILS (ORDER_ID, BOOK_TITLE, AUTHOR, PUBLICATION, QUANTITY)
VALUES ('ORD-260002', 'Clean Code', 'Robert C. Martin', 'Prentice Hall', 2);

INSERT INTO TBL_ORDER_DETAILS (ORDER_ID, BOOK_TITLE, AUTHOR, PUBLICATION, QUANTITY)
VALUES ('ORD-260002', 'Database System Concepts', 'Abraham Silberschatz', 'McGraw Hill', 1);

INSERT INTO TBL_ORDER_DETAILS (ORDER_ID, BOOK_TITLE, AUTHOR, PUBLICATION, QUANTITY)
VALUES ('ORD-260003', 'Operating System Concepts', 'Abraham Silberschatz', 'Wiley', 1);

INSERT INTO TBL_ORDER_DETAILS (ORDER_ID, BOOK_TITLE, AUTHOR, PUBLICATION, QUANTITY)
VALUES ('ORD-260003', 'Computer Networks', 'Andrew S. Tanenbaum', 'Pearson', 1);

PROMPT Inserting bills...

INSERT INTO TBL_BILL (B_ID, S_ID, TTL, AUTHOR, QUANTITY, U_PRICE, B_DATE, TAX, TTL_AMUT, GR_TTL)
VALUES ('BILL260001', 'SID0000001', 'Java: The Complete Reference', 'Herbert Schildt', 3, 850.00, DATE '2026-01-15', 5, 2550.00, 3423.00);

INSERT INTO TBL_BILL (B_ID, S_ID, TTL, AUTHOR, QUANTITY, U_PRICE, B_DATE, TAX, TTL_AMUT, GR_TTL)
VALUES ('BILL260001', 'SID0000001', 'Effective Java', 'Joshua Bloch', 1, 710.00, DATE '2026-01-15', 5, 710.00, 3423.00);

INSERT INTO TBL_BILL (B_ID, S_ID, TTL, AUTHOR, QUANTITY, U_PRICE, B_DATE, TAX, TTL_AMUT, GR_TTL)
VALUES ('BILL260002', 'SID0000002', 'Clean Code', 'Robert C. Martin', 2, 640.00, DATE '2026-01-24', 5, 1280.00, 1963.50);

INSERT INTO TBL_BILL (B_ID, S_ID, TTL, AUTHOR, QUANTITY, U_PRICE, B_DATE, TAX, TTL_AMUT, GR_TTL)
VALUES ('BILL260002', 'SID0000002', 'Database System Concepts', 'Abraham Silberschatz', 1, 590.00, DATE '2026-01-24', 5, 590.00, 1963.50);

INSERT INTO TBL_BILL (B_ID, S_ID, TTL, AUTHOR, QUANTITY, U_PRICE, B_DATE, TAX, TTL_AMUT, GR_TTL)
VALUES ('BILL260003', 'SID0000004', 'Operating System Concepts', 'Abraham Silberschatz', 1, 680.00, DATE '2026-02-05', 5, 680.00, 1459.50);

INSERT INTO TBL_BILL (B_ID, S_ID, TTL, AUTHOR, QUANTITY, U_PRICE, B_DATE, TAX, TTL_AMUT, GR_TTL)
VALUES ('BILL260003', 'SID0000004', 'Computer Networks', 'Andrew S. Tanenbaum', 1, 710.00, DATE '2026-02-05', 5, 710.00, 1459.50);

INSERT INTO TBL_BILL (B_ID, S_ID, TTL, AUTHOR, QUANTITY, U_PRICE, B_DATE, TAX, TTL_AMUT, GR_TTL)
VALUES ('DUMMY_BILL_2026', 'SID0000001', 'Learning Java', 'John Doe', 5, 500.00, DATE '2026-03-18', 10, 2500.00, 2750.00);

PROMPT Inserting book catalog...

INSERT INTO TBL_BOOK_CATALOG (AUTHOR_NAME, BK_TITLE, EDITION)
VALUES ('Herbert Schildt', 'Java: The Complete Reference', 11);

INSERT INTO TBL_BOOK_CATALOG (AUTHOR_NAME, BK_TITLE, EDITION)
VALUES ('Joshua Bloch', 'Effective Java', 3);

INSERT INTO TBL_BOOK_CATALOG (AUTHOR_NAME, BK_TITLE, EDITION)
VALUES ('Robert C. Martin', 'Clean Code', 1);

INSERT INTO TBL_BOOK_CATALOG (AUTHOR_NAME, BK_TITLE, EDITION)
VALUES ('Abraham Silberschatz', 'Database System Concepts', 7);

INSERT INTO TBL_BOOK_CATALOG (AUTHOR_NAME, BK_TITLE, EDITION)
VALUES ('Narasimha Karumanchi', 'Data Structures Using Java', 2);

INSERT INTO TBL_BOOK_CATALOG (AUTHOR_NAME, BK_TITLE, EDITION)
VALUES ('Abraham Silberschatz', 'Operating System Concepts', 10);

INSERT INTO TBL_BOOK_CATALOG (AUTHOR_NAME, BK_TITLE, EDITION)
VALUES ('Andrew S. Tanenbaum', 'Computer Networks', 5);

INSERT INTO TBL_BOOK_CATALOG (AUTHOR_NAME, BK_TITLE, EDITION)
VALUES ('Dept Project Team', 'Library Management System Project', 1);

PROMPT Inserting book copies...

INSERT INTO TBL_BOOK_INFORMATION
    (ACCESS_NO, AUTHOR_NAME, BK_TITLE, VOLUME, EDITION, PUBLISHER, PUB_PLACE, PUB_YEAR, PAGES, SOURCE,
     CLASS_NO, BOOK_NO, U_PRICE, B_NO, B_DATE, TAGS, WITHDRAWN, REMARKS, STATUS, CIRC_STATUS)
VALUES
    ('000001', 'Herbert Schildt', 'Java: The Complete Reference', 1, 11, 'McGraw Hill', 'New York', 2019, 1248, 'PURCHASED',
     '005131', 'HER', 850.00, 'BILL260001', DATE '2026-01-15', 'Programming, BCA, 1st Year, BOOK', NULL, 'Core Java shelf copy', 'ACTIVE', 'AVAILABLE');

INSERT INTO TBL_BOOK_INFORMATION
    (ACCESS_NO, AUTHOR_NAME, BK_TITLE, VOLUME, EDITION, PUBLISHER, PUB_PLACE, PUB_YEAR, PAGES, SOURCE,
     CLASS_NO, BOOK_NO, U_PRICE, B_NO, B_DATE, TAGS, WITHDRAWN, REMARKS, STATUS, CIRC_STATUS)
VALUES
    ('000002', 'Herbert Schildt', 'Java: The Complete Reference', 1, 11, 'McGraw Hill', 'New York', 2019, 1248, 'PURCHASED',
     '005131', 'HER', 850.00, 'BILL260001', DATE '2026-01-15', 'Programming, BCA, 1st Year, BOOK', NULL, 'Reference desk copy', 'ACTIVE', 'AVAILABLE');

INSERT INTO TBL_BOOK_INFORMATION
    (ACCESS_NO, AUTHOR_NAME, BK_TITLE, VOLUME, EDITION, PUBLISHER, PUB_PLACE, PUB_YEAR, PAGES, SOURCE,
     CLASS_NO, BOOK_NO, U_PRICE, B_NO, B_DATE, TAGS, WITHDRAWN, REMARKS, STATUS, CIRC_STATUS)
VALUES
    ('000003', 'Herbert Schildt', 'Java: The Complete Reference', 1, 11, 'McGraw Hill', 'New York', 2019, 1248, 'PURCHASED',
     '005131', 'HER', 850.00, 'BILL260001', DATE '2026-01-15', 'Programming, BCA, 1st Year, BOOK', NULL, 'Issued demo copy', 'ACTIVE', 'ISSUED');

INSERT INTO TBL_BOOK_INFORMATION
    (ACCESS_NO, AUTHOR_NAME, BK_TITLE, VOLUME, EDITION, PUBLISHER, PUB_PLACE, PUB_YEAR, PAGES, SOURCE,
     CLASS_NO, BOOK_NO, U_PRICE, B_NO, B_DATE, TAGS, WITHDRAWN, REMARKS, STATUS, CIRC_STATUS)
VALUES
    ('000004', 'Joshua Bloch', 'Effective Java', NULL, 3, 'Addison Wesley', 'Boston', 2018, 416, 'PURCHASED',
     '005133', 'JOS', 710.00, 'BILL260001', DATE '2026-01-15', 'Programming, MCA, 1st Year, BOOK', NULL, 'Single-copy demo title', 'ACTIVE', 'AVAILABLE');

INSERT INTO TBL_BOOK_INFORMATION
    (ACCESS_NO, AUTHOR_NAME, BK_TITLE, VOLUME, EDITION, PUBLISHER, PUB_PLACE, PUB_YEAR, PAGES, SOURCE,
     CLASS_NO, BOOK_NO, U_PRICE, B_NO, B_DATE, TAGS, WITHDRAWN, REMARKS, STATUS, CIRC_STATUS)
VALUES
    ('000005', 'Robert C. Martin', 'Clean Code', NULL, 1, 'Prentice Hall', 'Boston', 2008, 464, 'PURCHASED',
     '005120', 'ROB', 640.00, 'BILL260002', DATE '2026-01-24', 'Software Eng, BCA, 2nd Year, BOOK', NULL, 'Issued demo copy', 'ACTIVE', 'ISSUED');

INSERT INTO TBL_BOOK_INFORMATION
    (ACCESS_NO, AUTHOR_NAME, BK_TITLE, VOLUME, EDITION, PUBLISHER, PUB_PLACE, PUB_YEAR, PAGES, SOURCE,
     CLASS_NO, BOOK_NO, U_PRICE, B_NO, B_DATE, TAGS, WITHDRAWN, REMARKS, STATUS, CIRC_STATUS)
VALUES
    ('000006', 'Robert C. Martin', 'Clean Code', NULL, 1, 'Prentice Hall', 'Boston', 2008, 464, 'PURCHASED',
     '005120', 'ROB', 640.00, 'BILL260002', DATE '2026-01-24', 'Software Eng, BCA, 2nd Year, BOOK', NULL, 'Shelf copy', 'ACTIVE', 'AVAILABLE');

INSERT INTO TBL_BOOK_INFORMATION
    (ACCESS_NO, AUTHOR_NAME, BK_TITLE, VOLUME, EDITION, PUBLISHER, PUB_PLACE, PUB_YEAR, PAGES, SOURCE,
     CLASS_NO, BOOK_NO, U_PRICE, B_NO, B_DATE, TAGS, WITHDRAWN, REMARKS, STATUS, CIRC_STATUS)
VALUES
    ('000007', 'Abraham Silberschatz', 'Database System Concepts', NULL, 7, 'McGraw Hill', 'New York', 2019, 1376, 'PURCHASED',
     '005740', 'ABR', 590.00, 'BILL260002', DATE '2026-01-24', 'Database, MCA, 1st Year, BOOK', NULL, 'Low-stock demo title', 'ACTIVE', 'AVAILABLE');

INSERT INTO TBL_BOOK_INFORMATION
    (ACCESS_NO, AUTHOR_NAME, BK_TITLE, VOLUME, EDITION, PUBLISHER, PUB_PLACE, PUB_YEAR, PAGES, SOURCE,
     CLASS_NO, BOOK_NO, U_PRICE, B_NO, B_DATE, TAGS, WITHDRAWN, REMARKS, STATUS, CIRC_STATUS)
VALUES
    ('000008', 'Narasimha Karumanchi', 'Data Structures Using Java', NULL, 2, 'CareerMonk', 'Hyderabad', 2017, 520, 'DONATED',
     '005276', 'NAR', 320.00, NULL, NULL, 'Data Struct, BCA, 1st Year, BOOK', NULL, 'Issued donated copy', 'ACTIVE', 'ISSUED');

INSERT INTO TBL_BOOK_INFORMATION
    (ACCESS_NO, AUTHOR_NAME, BK_TITLE, VOLUME, EDITION, PUBLISHER, PUB_PLACE, PUB_YEAR, PAGES, SOURCE,
     CLASS_NO, BOOK_NO, U_PRICE, B_NO, B_DATE, TAGS, WITHDRAWN, REMARKS, STATUS, CIRC_STATUS)
VALUES
    ('000009', 'Abraham Silberschatz', 'Operating System Concepts', NULL, 10, 'Wiley', 'Hoboken', 2018, 976, 'PURCHASED',
     '005430', 'ABR', 680.00, 'BILL260003', DATE '2026-02-05', 'Operating Sys, MCA, 1st Year, BOOK', NULL, 'Low-stock demo title', 'ACTIVE', 'AVAILABLE');

INSERT INTO TBL_BOOK_INFORMATION
    (ACCESS_NO, AUTHOR_NAME, BK_TITLE, VOLUME, EDITION, PUBLISHER, PUB_PLACE, PUB_YEAR, PAGES, SOURCE,
     CLASS_NO, BOOK_NO, U_PRICE, B_NO, B_DATE, TAGS, WITHDRAWN, REMARKS, STATUS, CIRC_STATUS)
VALUES
    ('000010', 'Andrew S. Tanenbaum', 'Computer Networks', NULL, 5, 'Pearson', 'Noida', 2019, 960, 'PURCHASED',
     '004620', 'AND', 710.00, 'BILL260003', DATE '2026-02-05', 'Networks, BCA, 3rd Year, BOOK', NULL, 'Low-stock demo title', 'ACTIVE', 'AVAILABLE');

INSERT INTO TBL_BOOK_INFORMATION
    (ACCESS_NO, AUTHOR_NAME, BK_TITLE, VOLUME, EDITION, PUBLISHER, PUB_PLACE, PUB_YEAR, PAGES, SOURCE,
     CLASS_NO, BOOK_NO, U_PRICE, B_NO, B_DATE, TAGS, WITHDRAWN, REMARKS, STATUS, CIRC_STATUS)
VALUES
    ('000011', 'Dept Project Team', 'Library Management System Project', NULL, 1, 'College Press', 'Patna', 2026, 145, 'DONATED',
     '001420', 'DEP', 150.00, NULL, NULL, 'Project Work, BCA, 3rd Year, PROJECT', NULL, 'Project archive copy', 'ACTIVE', 'AVAILABLE');

PROMPT Inserting stock summary...

INSERT INTO TBL_BOOK_STOCK (AUTHOR_NAME, BK_TITLE, EDITION, P_LOCATION, QUANTITY, AVAIL_QTY)
VALUES ('Herbert Schildt', 'Java: The Complete Reference', 11, 'Rack A-01', 3, 2);

INSERT INTO TBL_BOOK_STOCK (AUTHOR_NAME, BK_TITLE, EDITION, P_LOCATION, QUANTITY, AVAIL_QTY)
VALUES ('Joshua Bloch', 'Effective Java', 3, 'Rack A-02', 1, 1);

INSERT INTO TBL_BOOK_STOCK (AUTHOR_NAME, BK_TITLE, EDITION, P_LOCATION, QUANTITY, AVAIL_QTY)
VALUES ('Robert C. Martin', 'Clean Code', 1, 'Rack B-01', 2, 1);

INSERT INTO TBL_BOOK_STOCK (AUTHOR_NAME, BK_TITLE, EDITION, P_LOCATION, QUANTITY, AVAIL_QTY)
VALUES ('Abraham Silberschatz', 'Database System Concepts', 7, 'Rack C-01', 1, 1);

INSERT INTO TBL_BOOK_STOCK (AUTHOR_NAME, BK_TITLE, EDITION, P_LOCATION, QUANTITY, AVAIL_QTY)
VALUES ('Narasimha Karumanchi', 'Data Structures Using Java', 2, 'Rack C-02', 1, 0);

INSERT INTO TBL_BOOK_STOCK (AUTHOR_NAME, BK_TITLE, EDITION, P_LOCATION, QUANTITY, AVAIL_QTY)
VALUES ('Abraham Silberschatz', 'Operating System Concepts', 10, 'Rack D-01', 1, 1);

INSERT INTO TBL_BOOK_STOCK (AUTHOR_NAME, BK_TITLE, EDITION, P_LOCATION, QUANTITY, AVAIL_QTY)
VALUES ('Andrew S. Tanenbaum', 'Computer Networks', 5, 'Rack D-02', 1, 1);

INSERT INTO TBL_BOOK_STOCK (AUTHOR_NAME, BK_TITLE, EDITION, P_LOCATION, QUANTITY, AVAIL_QTY)
VALUES ('Dept Project Team', 'Library Management System Project', 1, 'Archive-01', 1, 1);

PROMPT Inserting students...

INSERT INTO TBL_STUDENT
    (CARD_ID, ROLL, NAME, PH_NO, ADDR, COURSE, ACAD_SESSION, RECEIPT_NO, ISSUED_BY, ISSUE_DATE, BOOK_LIMIT, FEE, STATUS)
VALUES
    ('PPU-26001', 26001, 'Ananya Singh', 9100000001, 'Patna, Bihar', 'BCA', '2026-2029', 'LR-26001', 'ADMIN', DATE '2026-01-10', 2, 800.00, 'ACTIVE');

INSERT INTO TBL_STUDENT
    (CARD_ID, ROLL, NAME, PH_NO, ADDR, COURSE, ACAD_SESSION, RECEIPT_NO, ISSUED_BY, ISSUE_DATE, BOOK_LIMIT, FEE, STATUS)
VALUES
    ('PPU-26002', 26002, 'Ravi Kumar', 9100000002, 'Gaya, Bihar', 'BCA', '2026-2029', 'LR-26002', 'ADMIN', DATE '2026-01-12', 1, 500.00, 'ACTIVE');

INSERT INTO TBL_STUDENT
    (CARD_ID, ROLL, NAME, PH_NO, ADDR, COURSE, ACAD_SESSION, RECEIPT_NO, ISSUED_BY, ISSUE_DATE, BOOK_LIMIT, FEE, STATUS)
VALUES
    ('PPU-26003', 26003, 'Neha Verma', 9100000003, 'Ara, Bihar', 'BBA', '2026-2029', 'LR-26003', 'LIB01', DATE '2026-01-15', 2, 800.00, 'ACTIVE');

INSERT INTO TBL_STUDENT
    (CARD_ID, ROLL, NAME, PH_NO, ADDR, COURSE, ACAD_SESSION, RECEIPT_NO, ISSUED_BY, ISSUE_DATE, BOOK_LIMIT, FEE, STATUS)
VALUES
    ('PPU-25001', 25001, 'Arjun Das', 9100000004, 'Ranchi, Jharkhand', 'MCA', '2025-2027', 'LR-25001', 'LIB01', DATE '2025-08-05', 2, 800.00, 'ACTIVE');

INSERT INTO TBL_STUDENT
    (CARD_ID, ROLL, NAME, PH_NO, ADDR, COURSE, ACAD_SESSION, RECEIPT_NO, ISSUED_BY, ISSUE_DATE, BOOK_LIMIT, FEE, STATUS)
VALUES
    ('PPU-25002', 25002, 'Sneha Roy', 9100000005, 'Dhanbad, Jharkhand', 'MCA', '2025-2027', 'LR-25002', 'LIB02', DATE '2025-08-09', 1, 500.00, 'INACTIVE');

INSERT INTO TBL_STUDENT
    (CARD_ID, ROLL, NAME, PH_NO, ADDR, COURSE, ACAD_SESSION, RECEIPT_NO, ISSUED_BY, ISSUE_DATE, BOOK_LIMIT, FEE, STATUS)
VALUES
    ('PPU-24001', 24001, 'Karan Shah', 9100000006, 'Muzaffarpur, Bihar', 'BBA', '2024-2027', 'LR-24001', 'LIB02', DATE '2024-07-10', 1, 500.00, 'ACTIVE');

PROMPT Inserting circulation data...

INSERT INTO TBL_ISSUE
    (ISSUE_ID, CARD_ID, ACCESSION_NO, ISSUE_DATE, DUE_DATE, RETURN_DATE, FINE, ISSUED_BY, STATUS)
VALUES
    ('LID2600001', 'PPU-26001', '000003', TRUNC(SYSDATE) - 15, TRUNC(SYSDATE) - 8, NULL, 0, 'LIB01', 'ISSUED');

INSERT INTO TBL_ISSUE
    (ISSUE_ID, CARD_ID, ACCESSION_NO, ISSUE_DATE, DUE_DATE, RETURN_DATE, FINE, ISSUED_BY, STATUS)
VALUES
    ('LID2600002', 'PPU-26002', '000005', TRUNC(SYSDATE) - 3, TRUNC(SYSDATE) + 4, NULL, 0, 'LIB01', 'ISSUED');

INSERT INTO TBL_ISSUE
    (ISSUE_ID, CARD_ID, ACCESSION_NO, ISSUE_DATE, DUE_DATE, RETURN_DATE, FINE, ISSUED_BY, STATUS)
VALUES
    ('LID2600003', 'PPU-25001', '000007', TRUNC(SYSDATE) - 16, TRUNC(SYSDATE) - 9, TRUNC(SYSDATE) - 2, 100.00, 'LIB02', 'RETURNED');

INSERT INTO TBL_ISSUE
    (ISSUE_ID, CARD_ID, ACCESSION_NO, ISSUE_DATE, DUE_DATE, RETURN_DATE, FINE, ISSUED_BY, STATUS)
VALUES
    ('LID2600004', 'PPU-26003', '000008', TRUNC(SYSDATE) - 10, TRUNC(SYSDATE) - 3, NULL, 0, 'LIB02', 'ISSUED');

INSERT INTO TBL_ISSUE
    (ISSUE_ID, CARD_ID, ACCESSION_NO, ISSUE_DATE, DUE_DATE, RETURN_DATE, FINE, ISSUED_BY, STATUS)
VALUES
    ('LID2600005', 'PPU-24001', '000004', TRUNC(SYSDATE) - 6, TRUNC(SYSDATE) + 1, TRUNC(SYSDATE) - 1, 0, 'LIB01', 'RETURNED');

PROMPT Inserting low-stock alert samples...

INSERT INTO TBL_BOOK_ALERT_LOG
    (ALERT_ID, ALERT_TS, ALERT_TYPE, BK_TITLE, AUTHOR_NAME, EDITION, CURRENT_QTY, THRESHOLD_QTY, ALERTED_TO)
VALUES
    (NULL, TRUNC(SYSDATE) - 1, 'LOW_STOCK', 'Effective Java', 'Joshua Bloch', 3, 1, 2, 'ADMIN');

INSERT INTO TBL_BOOK_ALERT_LOG
    (ALERT_ID, ALERT_TS, ALERT_TYPE, BK_TITLE, AUTHOR_NAME, EDITION, CURRENT_QTY, THRESHOLD_QTY, ALERTED_TO)
VALUES
    (NULL, TRUNC(SYSDATE), 'LOW_STOCK', 'Operating System Concepts', 'Abraham Silberschatz', 10, 1, 2, 'LIB01');

COMMIT;

PROMPT Demo data inserted successfully.
